{
  "project_info": {
    "project_number": "458181706818",
    "firebase_url": "https://dnd-manager-2000.firebaseio.com",
    "project_id": "dnd-manager-2000",
    "storage_bucket": "dnd-manager-2000.appspot.com"
  },
  "client": [
    {
      "client_info": {
        "mobilesdk_app_id": "1:458181706818:android:22d3904e56007163",
        "android_client_info": {
          "package_name": "com.oceanview.dungeonmanager"
        }
      },
      "oauth_client": [
        {
          "client_id": "458181706818-ib9827u19ggsgco0a54j0qbod5pvg4j5.apps.googleusercontent.com",
          "client_type": 3
        }
      ],
      "api_key": [
        {
          "current_key": "AIzaSyB8EHgZq3cd_qlWw4dYFOWfnQIyMrJY9qM"
        }
      ],
      "services": {
        "analytics_service": {
          "status": 1
        },
        "appinvite_service": {
          "status": 1,
          "other_platform_oauth_client": []
        },
        "ads_service": {
          "status": 2
        }
      }
    }
  ],
  "configuration_version": "1"
}